Threshold,TP,TN,FP,FN,TPR,FPR,PPV,sensitivity,specificity
100,50,1087,24,101,0.331126,0.021602,0.324324,0.331126,0.978398
